Date,Received Quantity,Received Currency,Sent Quantity,Sent Currency,Fee Amount,Fee Currency,Tag
2021-02-04 10:31:47,0.009029,ADA,,,,,
2021-02-04 10:23:55,0.000003,ETH,,,,,
2021-02-04 10:23:12,0.000002,BTC,,,,,
2021-02-04 10:21:35,0.02,USD,,,,,
2021-02-03 10:27:36,0.008894,ADA,,,,,
2021-02-03 10:15:57,0.000003,ETH,,,,,
2021-02-03 10:15:04,0.000001,BTC,,,,,
2021-02-03 10:13:22,0.01,USD,,,,,
2021-02-02 10:44:37,0.009075,ADA,,,,,
2021-02-02 10:37:38,0.000003,ETH,,,,,
2021-02-02 10:37:04,0.000002,BTC,,,,,
2021-02-02 10:35:32,0.01,USD,,,,,
2021-02-02 09:00:26,,,0.040000,BTC,,,
2021-02-02 08:13:17,1.526036,FIL,35.01,USD,,,,
2021-02-01 10:32:51,0.008971,ADA,,,,,
2021-02-01 10:18:35,0.000003,ETH,,,,,
2021-02-01 10:17:45,0.000006,BTC,,,,,
2021-02-01 10:14:22,0.01,USD,,,,,
2021-02-01 01:05:51,,,15.018136,SNX,,,
2021-02-01 01:05:20,102.236129,ADA,35.01,USD,,,,
2021-01-31 10:38:21,0.005925,SNX,,,,,
2021-01-31 10:31:32,0.000003,ETH,,,,,
2021-01-31 10:31:07,0.000006,BTC,,,,,
2021-01-31 10:29:51,0.01,USD,,,,,
2021-01-30 12:39:12,0.003084,BTC,105.04,USD,,,,
2021-01-30 10:51:53,0.006124,SNX,,,,,
2021-01-30 10:46:43,0.000003,ETH,,,,,
2021-01-30 10:46:25,0.000006,BTC,,,,,
2021-01-30 10:45:39,0.02,USD,,,,,
2021-01-29 10:16:59,0.005778,SNX,,,,,
2021-01-29 10:11:48,0.000003,ETH,,,,,
2021-01-29 10:11:24,0.000005,BTC,,,,,
2021-01-29 10:10:43,0.01,USD,,,,,
2021-01-28 11:04:54,0.004451,SNX,,,,,
2021-01-28 10:59:12,0.000002,ETH,,,,,
2021-01-28 10:58:56,0.000004,BTC,,,,,
2021-01-28 10:58:05,0.01,USD,,,,,
2021-01-27 20:39:12,,,1800.340761,GRT,,,
2021-01-27 20:38:24,,,118.970512,XLM,,,
2021-01-27 20:37:54,2.158697,SNX,35.01,USD,,,,
2021-01-27 17:12:51,0.095644,GRT,,,,,
2021-01-27 17:12:14,0.006119,SNX,,,,,
2021-01-27 17:01:45,0.010828,XLM,,,,,
2021-01-27 16:55:43,0.000004,ETH,,,,,
2021-01-27 16:54:30,0.000007,BTC,,,,,
2021-01-27 16:51:42,0.01,USD,,,,,
2021-01-27 09:18:14,35.00,USD,,,,,
2021-01-26 15:38:39,0.026791,ETH,35.01,USD,,,,
2021-01-26 12:28:56,0.081575,GRT,,,,,
2021-01-26 12:28:43,0.005218,SNX,,,,,
2021-01-26 12:26:13,0.009284,XLM,,,,,
2021-01-26 12:24:45,0.000006,BTC,,,,,
2021-01-26 12:24:03,0.01,USD,,,,,
2021-01-26 09:09:50,35.00,USD,,,,,
2021-01-26 02:06:22,12.825824,SNX,210.11,USD,,,,
2021-01-25 11:58:44,0.085782,GRT,,,,,
2021-01-25 11:55:51,0.009761,XLM,,,,,
2021-01-25 11:54:18,0.000006,BTC,,,,,
2021-01-25 11:53:36,0.05,USD,,,,,
2021-01-25 09:11:25,35.00,USD,,,,,
2021-01-24 10:12:36,0.077759,GRT,,,,,
2021-01-24 10:09:47,0.008855,XLM,,,,,
2021-01-24 10:08:11,0.000005,BTC,,,,,
2021-01-24 10:07:31,0.04,USD,,,,,
2021-01-24 09:48:50,35.00,USD,,,,,
2021-01-23 23:29:19,1800.000000,GRT,1048.81,USD,,,,
2021-01-23 23:28:02,1188.83,USD,0.973172,ETH,,,,
2021-01-23 21:14:28,0.002151,BTC,70.02,USD,,,,
2021-01-23 21:00:55,,,5.979347,ATOM,,,
2021-01-23 10:49:09,0.001013,ATOM,,,,,
2021-01-23 10:47:12,0.008925,XLM,,,,,
2021-01-23 10:45:18,0.000107,ETH,,,,,
2021-01-23 10:44:47,0.000005,BTC,,,,,
2021-01-23 10:43:48,0.01,USD,,,,,
2021-01-23 09:19:07,35.00,USD,,,,,
2021-01-22 11:14:53,0.001065,ATOM,,,,,
2021-01-22 11:13:21,0.009378,XLM,,,,,
2021-01-22 11:12:00,0.000113,ETH,,,,,
2021-01-22 11:11:41,0.000006,BTC,,,,,
2021-01-22 11:10:58,0.01,USD,,,,,
2021-01-22 09:11:16,35.00,USD,,,,,
2021-01-22 00:44:00,1000.00,USD,,,,,
2021-01-22 00:43:54,0.907661,ETH,1000.00,USD,,,,
2021-01-21 21:29:44,0.028482,ETH,35.01,USD,,,,
2021-01-21 10:28:36,0.001041,ATOM,,,,,
2021-01-21 10:27:33,0.009189,XLM,,,,,
2021-01-21 10:26:32,0.000004,ETH,,,,,
2021-01-21 10:26:21,0.000005,BTC,,,,,
2021-01-21 10:25:48,0.01,USD,,,,,
2021-01-21 10:04:38,35.00,USD,,,,,
2021-01-21 09:45:22,500.00,USD,,,,,
2021-01-21 09:45:14,0.015019,BTC,500.00,USD,,,,
2021-01-21 01:56:50,0.000995,BTC,35.01,USD,,,,
2021-01-20 10:14:44,0.001016,ATOM,,,,,
2021-01-20 10:12:03,0.008937,XLM,,,,,
2021-01-20 10:09:02,0.000004,ETH,,,,,
2021-01-20 10:08:19,0.000004,BTC,,,,,
2021-01-20 10:06:02,0.01,USD,,,,,
2021-01-20 09:22:19,35.00,USD,,,,,
2021-01-20 09:15:26,118.895354,XLM,35.01,USD,,,,
2021-01-19 10:36:44,0.001046,ATOM,,,,,
2021-01-19 10:34:30,0.000004,ETH,,,,,
2021-01-19 10:34:17,0.000004,BTC,,,,,
2021-01-19 10:33:47,0.01,USD,,,,,
2021-01-19 09:35:32,35.00,USD,,,,,
2021-01-19 00:52:15,,,964.081381,DAI,,,
2021-01-19 00:28:18,,,964.081381,DAI,,,
2021-01-19 00:26:55,929.305634,DAI,935.01,USD,,,,
2021-01-19 00:26:25,900.00,USD,0.024898,BTC,,,,
2021-01-18 10:19:14,0.005256,DAI,,,,,
2021-01-18 10:16:24,0.001034,ATOM,,,,,
2021-01-18 10:12:17,0.000004,ETH,,,,,
2021-01-18 10:11:55,0.000006,BTC,,,,,
2021-01-18 10:10:55,0.01,USD,,,,,
2021-01-18 09:02:05,35.00,USD,,,,,
2021-01-18 01:16:47,,,17.744608,SNX,,,
2021-01-18 01:16:09,0.001936,BTC,70.02,USD,,,,
2021-01-17 10:14:26,0.005098,DAI,,,,,
2021-01-17 10:13:49,0.006878,SNX,,,,,
2021-01-17 10:11:57,0.001003,ATOM,,,,,
2021-01-17 10:07:19,0.000004,ETH,,,,,
2021-01-17 10:06:55,0.000006,BTC,,,,,
2021-01-17 10:05:51,0.01,USD,,,,,
2021-01-17 09:13:05,35.00,USD,,,,,
2021-01-16 10:52:46,0.005170,DAI,,,,,
2021-01-16 10:52:25,0.005132,SNX,,,,,
2021-01-16 10:50:58,0.001018,ATOM,,,,,
2021-01-16 10:48:08,0.000004,ETH,,,,,
2021-01-16 10:47:47,0.000006,BTC,,,,,
2021-01-16 10:47:07,0.01,USD,,,,,
2021-01-16 09:40:07,35.00,USD,,,,,
2021-01-15 22:42:10,1000.00,USD,,,,,
2021-01-15 22:42:02,0.026919,BTC,1000.00,USD,,,,
2021-01-15 22:19:11,0.000957,BTC,35.01,USD,,,,
2021-01-15 11:11:12,0.005309,DAI,,,,,
2021-01-15 11:10:45,0.005268,SNX,,,,,
2021-01-15 11:09:19,0.001045,ATOM,,,,,
2021-01-15 11:06:02,0.000004,ETH,,,,,
2021-01-15 11:05:39,0.000003,BTC,,,,,
2021-01-15 11:04:45,0.01,USD,,,,,
2021-01-15 09:14:39,35.00,USD,,,,,
2021-01-14 15:36:42,34.754914,DAI,35.01,USD,,,,
2021-01-14 10:50:41,0.005038,SNX,,,,,
2021-01-14 10:49:32,0.001000,ATOM,,,,,
2021-01-14 10:47:00,0.000004,ETH,,,,,
2021-01-14 10:46:46,0.000003,BTC,,,,,
2021-01-14 10:46:11,0.01,USD,,,,,
2021-01-14 09:42:30,35.00,USD,,,,,
2021-01-14 07:13:58,,,471.316396,XLM,,,
2021-01-13 11:33:46,0.005472,SNX,,,,,
2021-01-13 11:32:30,0.001085,ATOM,,,,,
2021-01-13 11:31:05,0.037948,XLM,,,,,
2021-01-13 11:29:45,0.000004,ETH,,,,,
2021-01-13 11:29:20,0.000003,BTC,,,,,
2021-01-13 09:53:32,120.396370,XLM,35.00,USD,,,,
2021-01-13 09:14:52,35.00,USD,,,,,
2021-01-13 01:04:21,0.001050,BTC,35.01,USD,,,,
2021-01-12 10:15:55,0.005163,SNX,,,,,
2021-01-12 10:15:07,0.001025,ATOM,,,,,
2021-01-12 10:14:06,0.026680,XLM,,,,,
2021-01-12 10:13:14,0.000004,ETH,,,,,
2021-01-12 10:12:59,0.000003,BTC,,,,,
2021-01-12 10:12:01,0.01,USD,,,,,
2021-01-12 09:33:09,35.00,USD,,,,,
2021-01-11 16:20:43,0.036769,ETH,35.01,USD,,,,
2021-01-11 10:23:15,0.005101,SNX,,,,,
2021-01-11 10:22:24,0.001013,ATOM,,,,,
2021-01-11 10:21:31,0.026425,XLM,,,,,
2021-01-11 10:20:29,0.000003,BTC,,,,,
2021-01-11 10:19:37,0.01,USD,,,,,
2021-01-11 09:04:29,35.00,USD,,,,,
2021-01-10 14:40:16,350.828972,XLM,105.05,USD,,,,
2021-01-10 10:47:15,0.005228,SNX,,,,,
2021-01-10 10:45:16,0.001039,ATOM,,,,,
2021-01-10 10:39:02,0.000003,BTC,,,,,
2021-01-10 10:35:53,0.02,USD,,,,,
2021-01-10 09:16:11,35.00,USD,,,,,
2021-01-09 10:35:15,0.005225,SNX,,,,,
2021-01-09 10:32:05,0.001038,ATOM,,,,,
2021-01-09 10:23:34,0.000003,BTC,,,,,
2021-01-09 10:17:43,0.02,USD,,,,,
2021-01-09 09:55:55,,,3.140727,LINK,,,
2021-01-09 09:04:45,35.00,USD,,,,,
2021-01-08 10:23:35,0.005077,SNX,,,,,
2021-01-08 10:19:53,0.001006,ATOM,,,,,
2021-01-08 10:18:05,0.000341,LINK,,,,,
2021-01-08 10:11:09,0.000003,BTC,,,,,
2021-01-08 10:04:40,0.01,USD,,,,,
2021-01-08 09:27:53,35.00,USD,,,,,
2021-01-07 20:02:08,0.025204,BTC,1000.00,USD,,,,
2021-01-07 18:36:56,1000.00,USD,,,,,
2021-01-07 18:23:59,0.000890,BTC,35.01,USD,,,,
2021-01-07 15:44:09,,,4.000000,SNX,,,
2021-01-07 10:52:25,0.006304,SNX,,,,,
2021-01-07 10:51:37,0.000959,ATOM,,,,,
2021-01-07 10:51:07,0.000326,LINK,,,,,
2021-01-07 10:48:24,0.01,USD,,,,,
2021-01-07 09:06:50,35.00,USD,,,,,
2021-01-06 20:54:32,5.752723,SNX,70.02,USD,,,,
2021-01-06 12:32:09,0.004828,SNX,,,,,
2021-01-06 12:30:12,0.001109,ATOM,,,,,
2021-01-06 12:28:51,0.000376,LINK,,,,,
2021-01-06 12:21:27,0.02,USD,,,,,
2021-01-06 09:26:24,35.00,USD,,,,,
2021-01-05 10:39:50,0.004535,SNX,,,,,
2021-01-05 10:37:50,0.001042,ATOM,,,,,
2021-01-05 10:36:11,0.000353,LINK,,,,,
2021-01-05 10:28:35,0.01,USD,,,,,
2021-01-05 09:26:00,35.00,USD,,,,,
2021-01-04 11:59:27,11.234225,SNX,105.04,USD,,,,
2021-01-04 10:19:20,0.000993,ATOM,,,,,
2021-01-04 10:18:15,0.000337,LINK,,,,,
2021-01-04 10:11:58,0.02,USD,,,,,
2021-01-04 09:12:19,35.00,USD,,,,,
2021-01-03 11:09:34,0.000959,ATOM,,,,,
2021-01-03 11:09:04,0.000326,LINK,,,,,
2021-01-03 11:06:31,0.01,USD,,,,,
2021-01-03 09:33:21,35.00,USD,,,,,
2021-01-02 12:47:22,0.001090,ATOM,,,,,
2021-01-02 12:46:10,0.000370,LINK,,,,,
2021-01-02 12:24:29,0.01,USD,,,,,
2021-01-02 09:23:29,35.00,USD,,,,,
2021-01-01 20:23:33,5.956709,ATOM,35.01,USD,,,,
2021-01-01 11:56:47,,,0.003765,BTC,,,
2021-01-01 11:21:39,0.001984,DOT,,,,,
2021-01-01 11:19:38,0.000363,LINK,,,,,
2021-01-01 11:16:21,0.000000,BTC,,,,,
2021-01-01 11:13:21,0.01,USD,,,,,
2021-01-01 10:20:36,35.00,USD,,,,,
2020-12-31 16:43:48,,,3640.488834,XLM,,,
2020-12-31 16:00:19,276.154308,XLM,35.01,USD,,,,
2020-12-31 10:24:39,0.001855,DOT,,,,,
2020-12-31 10:21:44,0.000339,LINK,,,,,
2020-12-31 10:20:39,0.249932,XLM,,,,,
2020-12-31 10:17:31,0.000000,BTC,,,,,
2020-12-31 10:13:50,0.01,USD,,,,,
2020-12-31 09:06:43,35.00,USD,,,,,
2020-12-31 04:11:25,,,4.688412,SNX,,,
2020-12-30 13:56:27,,,1.024349,ETH,,,
2020-12-30 13:54:26,4.688412,SNX,35.01,USD,,,,
2020-12-30 11:04:18,0.001905,DOT,,,,,
2020-12-30 11:01:57,0.000349,LINK,,,,,
2020-12-30 11:01:03,0.256891,XLM,,,,,
2020-12-30 10:58:55,0.000115,ETH,,,,,
2020-12-30 10:58:20,0.000000,BTC,,,,,
2020-12-30 10:55:17,0.01,USD,,,,,
2020-12-30 09:03:29,35.00,USD,,,,,
2020-12-29 11:39:21,506.204095,XLM,70.04,USD,,,,
2020-12-29 11:05:40,0.001920,DOT,,,,,
2020-12-29 11:03:27,0.000351,LINK,,,,,
2020-12-29 11:02:20,0.219638,XLM,,,,,
2020-12-29 11:00:04,0.000115,ETH,,,,,
2020-12-29 10:59:32,0.000000,BTC,,,,,
2020-12-29 10:56:38,0.02,USD,,,,,
2020-12-29 04:47:10,,,1000.000000,XLM,,,
2020-12-28 10:55:04,0.001897,DOT,,,,,
2020-12-28 10:54:18,0.000347,LINK,,,,,
2020-12-28 10:54:01,0.293560,XLM,,,,,
2020-12-28 10:53:23,0.000114,ETH,,,,,
2020-12-28 10:53:13,0.000000,BTC,,,,,
2020-12-28 10:52:31,0.01,USD,,,,,
2020-12-28 10:07:37,35.00,USD,,,,,
2020-12-27 11:01:36,0.001933,DOT,,,,,
2020-12-27 11:00:36,0.000354,LINK,,,,,
2020-12-27 11:00:14,0.299072,XLM,,,,,
2020-12-27 10:59:29,0.000117,ETH,,,,,
2020-12-27 10:59:16,0.000000,BTC,,,,,
2020-12-27 10:58:21,0.01,USD,,,,,
2020-12-27 09:29:45,35.00,USD,,,,,
2020-12-27 08:34:17,3.136196,LINK,35.01,USD,,,,
2020-12-26 10:41:04,0.001850,DOT,,,,,
2020-12-26 10:39:30,0.286309,XLM,,,,,
2020-12-26 10:38:32,0.000112,ETH,,,,,
2020-12-26 10:38:07,0.000000,BTC,,,,,
2020-12-26 10:37:01,0.01,USD,,,,,
2020-12-26 10:24:11,35.00,USD,,,,,
2020-12-26 09:13:09,462.080500,XLM,70.02,USD,,,,
2020-12-25 11:22:19,0.001954,DOT,,,,,
2020-12-25 11:20:52,0.266271,XLM,,,,,
2020-12-25 11:19:54,0.000118,ETH,,,,,
2020-12-25 11:19:32,0.000000,BTC,,,,,
2020-12-25 11:18:09,0.02,USD,,,,,
2020-12-25 09:15:02,35.00,USD,,,,,
2020-12-24 10:44:18,0.001928,DOT,,,,,
2020-12-24 10:42:56,0.262683,XLM,,,,,
2020-12-24 10:42:16,0.000116,ETH,,,,,
2020-12-24 10:42:04,0.000000,BTC,,,,,
2020-12-24 10:41:10,0.01,USD,,,,,
2020-12-24 10:10:54,35.00,USD,,,,,
2020-12-23 16:45:14,491.840105,XLM,70.02,USD,,,,
2020-12-23 10:25:58,0.001785,DOT,,,,,
2020-12-23 10:24:50,0.208361,XLM,,,,,
2020-12-23 10:24:13,0.000108,ETH,,,,,
2020-12-23 10:24:03,0.000000,BTC,,,,,
2020-12-23 10:23:13,0.01,USD,,,,,
2020-12-23 09:25:00,35.00,USD,,,,,
2020-12-22 15:51:09,,,0.013000,BTC,,,
2020-12-22 11:55:43,0.001942,DOT,,,,,
2020-12-22 11:52:22,0.226152,XLM,,,,,
2020-12-22 11:50:12,0.000117,ETH,,,,,
2020-12-22 11:49:42,0.000002,BTC,,,,,
2020-12-22 11:46:12,0.01,USD,,,,,
2020-12-22 09:20:10,35.00,USD,,,,,
2020-12-22 02:44:02,213.973963,XLM,35.01,USD,,,,
2020-12-21 11:26:07,0.001918,DOT,,,,,
2020-12-21 11:24:02,0.207587,XLM,,,,,
2020-12-21 11:22:32,0.000116,ETH,,,,,
2020-12-21 11:22:04,0.000002,BTC,,,,,
2020-12-21 11:19:59,0.01,USD,,,,,
2020-12-21 09:18:17,35.00,USD,,,,,
2020-12-20 21:39:57,0.054309,ETH,35.01,USD,,,,
2020-12-20 11:13:57,0.001968,DOT,,,,,
2020-12-20 11:09:02,0.212085,XLM,,,,,
2020-12-20 11:05:35,0.000112,ETH,,,,,
2020-12-20 11:04:44,0.000002,BTC,,,,,
2020-12-20 11:00:16,0.01,USD,,,,,
2020-12-20 10:02:23,35.00,USD,,,,,
2020-12-19 10:23:16,0.001768,DOT,,,,,
2020-12-19 10:21:59,0.191352,XLM,,,,,
2020-12-19 10:21:06,0.000101,ETH,,,,,
2020-12-19 10:20:54,0.000002,BTC,,,,,
2020-12-19 10:09:01,0.968679,ETH,645.24,USD,,,,
2020-12-19 10:08:37,2687.055969,XLM,501.00,USD,,,,
2020-12-19 09:24:05,35.00,USD,,,,,
2020-12-18 12:03:47,0.001921,DOT,,,,,
2020-12-18 11:58:04,0.000002,BTC,,,,,
2020-12-18 11:55:13,0.24,USD,,,,,
2020-12-18 11:19:13,610.00,USD,,,,,
2020-12-18 11:18:39,501.00,USD,,,,,
2020-12-18 11:05:52,,,6.422447,DOT,,,
2020-12-18 11:01:26,6.422447,DOT,35.00,USD,,,,
2020-12-18 09:10:05,35.00,USD,,,,,
2020-12-17 11:42:07,0.000002,BTC,,,,,
2020-12-17 10:54:06,0.016750,BTC,383.73,USD,,,,
2020-12-17 10:53:34,313.73,USD,1670.168541,XLM,,,,
2020-12-17 09:45:18,35.00,USD,,,,,
2020-12-16 11:14:47,35.00,USD,,,,,
2020-12-16 10:31:34,0.125390,XLM,,,,,
2020-12-15 10:57:05,0.130700,XLM,,,,,
2020-12-15 10:38:36,610.996321,XLM,105.02,USD,,,,
2020-12-15 09:42:48,35.00,USD,,,,,
2020-12-14 10:22:36,0.079349,XLM,,,,,
2020-12-14 10:20:56,0.01,USD,,,,,
2020-12-14 09:18:04,35.00,USD,,,,,
2020-12-13 10:50:50,0.083565,XLM,,,,,
2020-12-13 10:49:13,0.01,USD,,,,,
2020-12-13 09:32:11,35.00,USD,,,,,
2020-12-13 07:50:38,188.575588,XLM,31.33,USD,,,,
2020-12-13 07:50:08,31.33,USD,6.565392,DOT,,,,
2020-12-12 13:22:27,437.328976,XLM,70.02,USD,,,,
2020-12-12 10:04:56,0.001860,DOT,,,,,
2020-12-12 10:03:57,0.031711,XLM,,,,,
2020-12-12 10:02:21,0.01,USD,,,,,
2020-12-12 09:18:10,35.00,USD,,,,,
2020-12-11 11:05:50,0.002002,DOT,,,,,
2020-12-11 11:03:49,0.034129,XLM,,,,,
2020-12-11 11:00:12,0.01,USD,,,,,
2020-12-11 09:18:40,35.00,USD,,,,,
2020-12-11 02:38:45,432.782813,XLM,70.02,USD,,,,
2020-12-10 10:20:45,0.001884,DOT,,,,,
2020-12-10 10:13:04,0.01,USD,,,,,
2020-12-10 09:15:09,35.00,USD,,,,,
2020-12-10 05:46:36,,,842.308982,XLM,,,
2020-12-09 11:03:04,0.001966,DOT,,,,,
2020-12-09 11:01:54,0.065258,XLM,,,,,
2020-12-09 10:59:30,0.01,USD,,,,,
2020-12-09 09:18:34,35.00,USD,,,,,
2020-12-09 02:53:10,,,2.060545,ETH,,,
2020-12-08 10:43:43,0.001984,DOT,,,,,
2020-12-08 10:42:20,0.065869,XLM,,,,,
2020-12-08 10:40:59,0.000237,ETH,,,,,
2020-12-08 09:53:22,440.391564,XLM,70.01,USD,,,,
2020-12-08 09:17:53,35.00,USD,,,,,
2020-12-07 10:10:51,0.001916,DOT,,,,,
2020-12-07 10:08:52,0.030328,XLM,,,,,
2020-12-07 10:07:30,0.000228,ETH,,,,,
2020-12-07 10:04:40,0.01,USD,,,,,
2020-12-07 09:36:45,35.00,USD,,,,,
2020-12-06 12:05:35,401.755962,XLM,70.02,USD,,,,
2020-12-06 10:28:09,0.001929,DOT,,,,,
2020-12-06 10:25:32,0.000230,ETH,,,,,
2020-12-06 10:24:13,0.01,USD,,,,,
2020-12-06 09:26:35,35.00,USD,,,,,
2020-12-06 07:51:47,,,2042.929675,XLM,,,
2020-12-05 10:35:33,0.001918,DOT,,,,,
2020-12-05 10:34:22,0.154545,XLM,,,,,
2020-12-05 10:33:32,0.000229,ETH,,,,,
2020-12-05 10:32:24,0.01,USD,,,,,
2020-12-05 09:13:24,35.00,USD,,,,,
2020-12-04 15:33:21,,,7.394167,LINK,,,
2020-12-04 15:32:02,200.555481,XLM,35.01,USD,,,,
2020-12-04 10:50:21,0.001986,DOT,,,,,
2020-12-04 10:49:31,0.000843,LINK,,,,,
2020-12-04 10:49:10,0.144298,XLM,,,,,
2020-12-04 10:48:18,0.000237,ETH,,,,,
2020-12-04 10:47:08,0.01,USD,,,,,
2020-12-04 09:21:06,35.00,USD,,,,,
2020-12-04 04:09:29,6.547947,DOT,35.01,USD,,,,
2020-12-03 10:13:38,0.000804,LINK,,,,,
2020-12-03 10:13:22,0.137744,XLM,,,,,
2020-12-03 10:12:45,0.000226,ETH,,,,,
2020-12-03 10:11:51,0.01,USD,,,,,
2020-12-03 09:12:22,35.00,USD,,,,,
2020-12-02 10:45:12,0.000820,LINK,,,,,
2020-12-02 10:44:40,0.140410,XLM,,,,,
2020-12-02 10:42:59,0.000230,ETH,,,,,
2020-12-02 09:54:00,0.057804,ETH,35.00,USD,,,,
2020-12-02 09:46:02,35.00,USD,,,,,
2020-12-02 08:05:40,370.926511,XLM,70.02,USD,,,,
2020-12-01 10:48:45,0.000835,LINK,,,,,
2020-12-01 10:48:27,0.114195,XLM,,,,,
2020-12-01 10:47:37,0.000228,ETH,,,,,
2020-12-01 10:46:25,0.02,USD,,,,,
2020-12-01 09:15:30,35.00,USD,,,,,
2020-11-30 10:26:01,0.000818,LINK,,,,,
2020-11-30 10:25:42,0.111907,XLM,,,,,
2020-11-30 10:24:11,0.01,USD,,,,,
2020-11-30 09:19:41,35.00,USD,,,,,
2020-11-30 03:27:32,1116.540092,XLM,227.63,USD,,,,
2020-11-30 03:27:14,227.63,USD,0.012458,BTC,,,,
2020-11-30 03:26:31,,,2.000897,ETH,,,
2020-11-29 20:24:23,354.104491,XLM,70.02,USD,,,,
2020-11-29 10:32:32,0.000819,LINK,,,,,
2020-11-29 10:31:32,0.000224,ETH,,,,,
2020-11-29 10:31:23,0.000001,BTC,,,,,
2020-11-29 10:30:39,0.01,USD,,,,,
2020-11-29 09:49:05,35.00,USD,,,,,
2020-11-28 10:36:30,0.000828,LINK,,,,,
2020-11-28 10:35:43,0.000226,ETH,,,,,
2020-11-28 10:35:34,0.000001,BTC,,,,,
2020-11-28 10:34:57,0.01,USD,,,,,
2020-11-28 09:51:53,35.00,USD,,,,,
2020-11-27 17:11:07,0.012455,BTC,212.04,USD,,,,
2020-11-27 10:25:00,0.000818,LINK,,,,,
2020-11-27 10:24:16,0.000224,ETH,,,,,
2020-11-27 10:23:36,0.05,USD,,,,,
2020-11-27 09:22:10,35.00,USD,,,,,
2020-11-26 23:28:34,1.000000,ETH,526.40,USD,,,,
2020-11-26 10:31:28,0.000836,LINK,,,,,
2020-11-26 10:29:40,0.000114,ETH,,,,,
2020-11-26 10:27:38,0.15,USD,,,,,
2020-11-26 09:05:30,35.00,USD,,,,,
2020-11-26 04:19:12,34.60,USD,34.709883,DAI,,,,
2020-11-25 10:16:11,35.00,USD,,,,,
2020-11-25 10:07:23,0.005094,DAI,,,,,
2020-11-25 10:06:07,0.000800,LINK,,,,,
2020-11-25 10:05:08,0.000109,ETH,,,,,
2020-11-25 10:04:06,0.12,USD,,,,,
2020-11-25 08:40:20,1.000000,ETH,604.84,USD,,,,
2020-11-24 11:58:42,1082.17,USD,7000.000000,XLM,,,,
2020-11-24 11:53:16,7000.000000,XLM,,,,,
2020-11-24 10:44:20,0.005282,DAI,,,,,
2020-11-24 10:43:25,0.000830,LINK,,,,,
2020-11-24 10:41:59,0.03,USD,,,,,
2020-11-24 10:09:19,51.15,USD,334.540875,XLM,,,,
2020-11-24 09:35:26,35.00,USD,,,,,
2020-11-23 10:29:18,0.005292,DAI,,,,,
2020-11-23 10:28:02,0.000831,LINK,,,,,
2020-11-23 10:27:43,0.025877,XLM,,,,,
2020-11-23 10:25:49,0.01,USD,,,,,
2020-11-23 09:19:21,35.00,USD,,,,,
2020-11-23 01:09:27,334.514997,XLM,35.01,USD,,,,
2020-11-22 10:11:22,0.005240,DAI,,,,,
2020-11-22 10:10:31,0.000823,LINK,,,,,
2020-11-22 10:08:59,0.01,USD,,,,,
2020-11-22 09:20:24,35.00,USD,,,,,
2020-11-22 01:17:46,34.688975,DAI,35.01,USD,,,,
2020-11-21 10:06:25,0.000815,LINK,,,,,
2020-11-21 10:04:51,0.01,USD,,,,,
2020-11-21 09:29:05,35.00,USD,,,,,
2020-11-21 09:18:44,4.789579,LINK,70.02,USD,,,,
2020-11-20 10:17:45,0.000280,LINK,,,,,
2020-11-20 10:14:52,0.01,USD,,,,,
2020-11-20 09:20:59,35.00,USD,,,,,
2020-11-19 10:56:53,0.000294,LINK,,,,,
2020-11-19 10:54:37,0.01,USD,,,,,
2020-11-19 09:49:48,35.00,USD,,,,,
2020-11-19 05:21:20,2.592493,LINK,35.01,USD,,,,
2020-11-18 10:25:31,0.01,USD,,,,,
2020-11-18 09:20:35,35.00,USD,,,,,
2020-11-18 05:48:42,,,0.004339,BTC,,,
2020-11-18 05:46:51,,,2605.368613,XLM,,,
2020-11-18 05:45:22,2605.368613,XLM,224.04,USD,,,,
2020-11-18 05:44:16,154.02,USD,0.331061,ETH,,,,
2020-11-17 10:18:42,0.000037,ETH,,,,,
2020-11-17 10:18:33,0.000000,BTC,,,,,
2020-11-17 10:17:42,0.02,USD,,,,,
2020-11-17 09:49:45,35.00,USD,,,,,
2020-11-16 10:38:27,35.00,USD,,,,,
2020-11-16 10:10:00,0.000036,ETH,,,,,
2020-11-16 10:09:53,0.000000,BTC,,,,,
2020-11-15 22:42:53,0.002166,BTC,35.01,USD,,,,
2020-11-15 10:41:33,0.000037,ETH,,,,,
2020-11-15 10:41:22,0.000000,BTC,,,,,
2020-11-15 10:40:36,0.01,USD,,,,,
2020-11-15 09:08:14,35.00,USD,,,,,
2020-11-14 10:53:29,,,5446.033208,XLM,,,
2020-11-14 10:50:51,5446.033208,XLM,451.51,USD,,,,
2020-11-14 10:50:30,451.51,USD,1.000000,ETH,,,,
2020-11-14 10:47:37,0.002172,BTC,35.01,USD,,,,
2020-11-14 10:27:40,0.000148,ETH,,,,,
2020-11-14 10:26:57,0.01,USD,,,,,
2020-11-14 09:06:33,35.00,USD,,,,,
2020-11-13 14:43:13,1.330802,ETH,634.86,USD,,,,
2020-11-13 10:41:18,0.14,USD,,,,,
2020-11-13 09:33:20,461.61,USD,461.614197,USDC,,,,
2020-11-13 09:32:46,68.09,USD,849.641479,XLM,,,,
2020-11-13 09:22:51,35.00,USD,,,,,
2020-11-12 10:38:49,0.095231,USDC,,,,,
2020-11-12 10:37:44,0.066220,XLM,,,,,
2020-11-12 10:36:34,0.02,USD,,,,,
2020-11-12 09:55:02,35.00,USD,,,,,
2020-11-12 05:35:04,,,300.000000,USDC,,,
2020-11-11 10:10:33,0.148132,USDC,,,,,
2020-11-11 10:09:22,0.062425,XLM,,,,,
2020-11-11 10:07:53,0.01,USD,,,,,
2020-11-11 09:42:55,35.00,USD,,,,,
2020-11-11 07:14:16,761.370834,USDC,,,,,
2020-11-11 06:30:38,,,1588.846491,DAI,,,
2020-11-11 06:29:55,1588.846491,DAI,1610.19,USD,,,,
2020-11-11 06:28:57,1575.18,USD,0.103735,BTC,,,,
2020-11-10 11:04:24,0.000012,BTC,,,,,
2020-11-10 11:03:45,0.01,USD,,,,,
2020-11-10 09:47:57,35.00,USD,,,,,
2020-11-10 02:00:54,0.006716,BTC,105.03,USD,,,,
2020-11-09 16:11:44,35.00,USD,,,,,
2020-11-09 10:07:06,0.000011,BTC,,,,,
2020-11-09 10:06:33,0.01,USD,,,,,
2020-11-08 10:30:36,0.000011,BTC,,,,,
2020-11-08 10:29:57,0.01,USD,,,,,
2020-11-08 09:59:25,35.00,USD,,,,,
2020-11-07 21:00:07,,,9.964894,LINK,,,
2020-11-07 12:06:30,35.00,USD,,,,,
2020-11-07 10:45:35,0.001107,LINK,,,,,
2020-11-07 10:44:56,0.000011,BTC,,,,,
2020-11-06 11:08:23,0.096975,BTC,1535.01,USD,,,,
2020-11-06 11:07:23,1500.00,USD,,,,,
2020-11-06 10:46:58,0.001122,LINK,,,,,
2020-11-06 10:45:26,0.01,USD,,,,,
2020-11-06 09:32:57,35.00,USD,,,,,
2020-11-06 07:10:17,,,0.007109,BTC,,,
2020-11-05 18:25:56,0.002298,BTC,35.00,USD,,,,
2020-11-05 14:15:49,35.00,USD,,,,,
2020-11-05 10:28:03,0.001102,LINK,,,,,
2020-11-05 10:27:24,0.000001,BTC,,,,,
2020-11-05 06:32:14,0.004811,BTC,70.02,USD,,,,
2020-11-05 06:28:28,,,103.591396,DAI,,,
2020-11-04 10:35:54,0.015694,DAI,,,,,
2020-11-04 10:34:55,0.001114,LINK,,,,,
2020-11-04 10:33:21,0.02,USD,,,,,
2020-11-04 09:41:05,35.00,USD,,,,,
2020-11-03 10:27:36,0.015692,DAI,,,,,
2020-11-03 10:26:46,0.001114,LINK,,,,,
2020-11-03 10:25:17,0.01,USD,,,,,
2020-11-03 10:22:39,35.00,USD,,,,,
2020-11-03 09:07:16,9.959335,LINK,105.03,USD,,,,
2020-11-02 10:19:16,0.015391,DAI,,,,,
2020-11-02 10:17:05,0.02,USD,,,,,
2020-11-02 10:10:32,35.00,USD,,,,,
2020-11-01 13:05:31,35.00,USD,,,,,
2020-11-01 10:38:29,0.015905,DAI,,,,,
2020-11-01 10:36:49,0.01,USD,,,,,
2020-10-31 10:39:29,35.00,USD,,,,,
2020-10-31 10:10:07,0.015562,DAI,,,,,
2020-10-30 18:48:35,103.513151,DAI,105.05,USD,,,,
2020-10-30 10:10:50,0.02,USD,,,,,
2020-10-30 09:01:49,35.00,USD,,,,,
2020-10-30 08:18:52,,,849.512834,XLM,,,
2020-10-29 10:01:07,0.063948,XLM,,,,,
2020-10-29 10:00:07,0.01,USD,,,,,
2020-10-29 09:02:02,35.00,USD,,,,,
2020-10-28 10:22:54,0.065540,XLM,,,,,
2020-10-28 10:21:57,0.01,USD,,,,,
2020-10-28 09:14:10,35.00,USD,,,,,
2020-10-28 06:48:07,849.383347,XLM,70.01,USD,,,,
2020-10-28 06:47:34,,,0.034261,BTC,,,
2020-10-27 12:19:15,35.00,USD,,,,,
2020-10-27 10:08:42,0.000004,BTC,,,,,
2020-10-27 10:08:03,0.01,USD,,,,,
2020-10-26 10:16:17,0.000004,BTC,,,,,
2020-10-26 10:15:53,0.01,USD,,,,,
2020-10-26 09:52:03,35.00,USD,,,,,
2020-10-26 02:53:34,0.002635,BTC,35.01,USD,,,,
2020-10-25 10:42:57,0.000004,BTC,,,,,
2020-10-25 10:42:20,0.01,USD,,,,,
2020-10-25 09:12:30,35.00,USD,,,,,
2020-10-25 01:29:04,,,103.668601,DAI,,,
2020-10-25 01:28:39,34.596478,DAI,35.01,USD,,,,
2020-10-24 10:03:18,0.010109,DAI,,,,,
2020-10-24 10:01:12,0.000003,BTC,,,,,
2020-10-24 10:00:30,0.01,USD,,,,,
2020-10-24 09:07:56,35.00,USD,,,,,
2020-10-24 02:56:27,69.062014,DAI,70.01,USD,,,,
2020-10-23 11:08:11,35.00,USD,,,,,
2020-10-23 10:42:35,0.000004,BTC,,,,,
2020-10-23 10:42:01,0.01,USD,,,,,
2020-10-22 12:32:19,35.00,USD,,,,,
2020-10-22 10:04:38,0.000003,BTC,,,,,
2020-10-22 02:26:31,0.002697,BTC,35.01,USD,,,,
2020-10-21 10:23:24,0.000003,BTC,,,,,
2020-10-21 10:22:38,0.01,USD,,,,,
2020-10-21 09:00:43,35.00,USD,,,,,
2020-10-21 04:03:23,0.002828,BTC,35.01,USD,,,,
2020-10-20 10:19:26,0.000003,BTC,,,,,
2020-10-20 10:18:59,0.01,USD,,,,,
2020-10-20 09:22:44,35.00,USD,,,,,
2020-10-19 14:31:11,,,0.090778,ETH,,,
2020-10-19 14:28:21,0.090778,ETH,35.01,USD,,,,
2020-10-19 10:36:39,0.000003,BTC,,,,,
2020-10-19 10:35:20,0.01,USD,,,,,
2020-10-19 09:59:42,35.00,USD,,,,,
2020-10-18 21:58:12,,,34.510468,DAI,,,
2020-10-18 21:57:28,34.510468,DAI,35.01,USD,,,,
2020-10-18 10:07:15,0.000003,BTC,,,,,
2020-10-18 10:06:50,0.01,USD,,,,,
2020-10-18 08:48:36,35.00,USD,,,,,
2020-10-18 06:30:16,,,798.989488,XLM,,,
2020-10-18 06:29:42,798.989488,XLM,65.68,USD,,,,
2020-10-18 06:28:18,65.68,USD,169.803086,ZRX,,,,
2020-10-17 18:29:57,169.803086,ZRX,65.29,USD,,,,
2020-10-17 18:29:30,30.28,USD,10.182656,UNI,,,,
2020-10-17 10:45:33,0.000107,UNI,,,,,
2020-10-17 10:44:27,0.000003,BTC,,,,,
2020-10-17 10:43:54,0.01,USD,,,,,
2020-10-17 08:12:57,35.00,USD,,,,,
2020-10-17 00:32:04,0.003055,BTC,35.01,USD,,,,
2020-10-16 10:24:33,0.000105,UNI,,,,,
2020-10-16 10:23:23,0.000003,BTC,,,,,
2020-10-16 10:22:54,0.01,USD,,,,,
2020-10-16 09:05:45,35.00,USD,,,,,
2020-10-16 06:20:41,0.006073,BTC,70.02,USD,,,,
2020-10-15 10:25:21,0.000106,UNI,,,,,
2020-10-15 10:24:10,0.000002,BTC,,,,,
2020-10-15 10:23:42,0.02,USD,,,,,
2020-10-15 09:12:53,35.00,USD,,,,,
2020-10-14 10:23:40,0.000104,UNI,,,,,
2020-10-14 10:22:34,0.000002,BTC,,,,,
2020-10-14 10:22:12,0.01,USD,,,,,
2020-10-14 09:14:04,35.00,USD,,,,,
2020-10-14 06:17:47,10.182234,UNI,35.01,USD,,,,
2020-10-13 10:41:16,0.000002,BTC,,,,,
2020-10-13 10:40:35,0.01,USD,,,,,
2020-10-13 09:07:50,35.00,USD,,,,,
2020-10-13 08:30:40,0.003006,BTC,35.01,USD,,,,
2020-10-12 10:14:32,0.000002,BTC,,,,,
2020-10-12 10:14:06,0.01,USD,,,,,
2020-10-12 09:00:34,35.00,USD,,,,,
2020-10-11 10:28:34,,,84.452664,SNX,,,
2020-10-11 10:13:46,84.452664,SNX,361.56,USD,,,,
2020-10-11 10:12:15,0.000002,BTC,,,,,
2020-10-11 10:11:50,0.08,USD,,,,,
2020-10-11 09:33:48,35.00,USD,,,,,
2020-10-10 10:08:57,0.000002,BTC,,,,,
2020-10-10 10:08:37,0.07,USD,,,,,
2020-10-10 09:00:31,35.00,USD,,,,,
2020-10-10 07:15:55,0.02,USD,0.003916,ATOM,,,,
2020-10-10 07:15:29,256.39,USD,0.693735,ETH,,,,
2020-10-09 10:16:09,0.000076,ETH,,,,,
2020-10-09 10:16:00,0.000002,BTC,,,,,
2020-10-09 10:14:35,0.01,USD,,,,,
2020-10-09 09:31:22,35.00,USD,,,,,
2020-10-09 07:36:04,,,1884.236445,XLM,,,
2020-10-09 07:33:07,1884.236445,XLM,140.08,USD,,,,
2020-10-08 10:40:44,0.000079,ETH,,,,,
2020-10-08 10:40:37,0.000002,BTC,,,,,
2020-10-08 10:39:35,0.03,USD,,,,,
2020-10-08 09:00:40,35.00,USD,,,,,
2020-10-07 10:21:33,0.000077,ETH,,,,,
2020-10-07 10:21:30,0.000002,BTC,,,,,
2020-10-07 10:21:05,0.02,USD,,,,,
2020-10-07 09:19:53,35.00,USD,,,,,
2020-10-06 10:28:23,0.000078,ETH,,,,,
2020-10-06 10:28:19,0.000002,BTC,,,,,
2020-10-06 10:27:50,0.02,USD,,,,,
2020-10-06 09:33:51,35.00,USD,,,,,
2020-10-05 10:19:03,0.000077,ETH,,,,,
2020-10-05 10:19:01,0.000002,BTC,,,,,
2020-10-05 10:18:42,0.01,USD,,,,,
2020-10-05 09:10:05,35.00,USD,,,,,
2020-10-05 07:05:53,,,68.933965,DAI,,,
2020-10-05 07:05:17,68.933965,DAI,70.02,USD,,,,
2020-10-04 10:30:45,0.000078,ETH,,,,,
2020-10-04 10:30:41,0.000002,BTC,,,,,
2020-10-04 10:30:19,0.02,USD,,,,,
2020-10-04 09:00:06,35.00,USD,,,,,
2020-10-03 10:21:50,0.000079,ETH,,,,,
2020-10-03 10:21:44,0.000002,BTC,,,,,
2020-10-03 10:21:08,0.01,USD,,,,,
2020-10-03 08:51:14,35.00,USD,,,,,
2020-10-02 10:33:24,0.204644,ETH,70.02,USD,,,,
2020-10-02 10:04:14,0.000053,ETH,,,,,
2020-10-02 10:04:09,0.000002,BTC,,,,,
2020-10-02 10:03:35,0.01,USD,,,,,
2020-10-02 09:04:29,35.00,USD,,,,,
2020-10-01 10:40:31,0.000056,ETH,,,,,
2020-10-01 10:40:27,0.000002,BTC,,,,,
2020-10-01 10:40:03,0.01,USD,,,,,
2020-10-01 09:03:00,35.00,USD,,,,,
2020-10-01 07:08:59,,,3077.598189,XLM,,,
2020-10-01 07:06:59,3077.488556,XLM,237.40,USD,,,,
2020-10-01 07:06:24,96.50,USD,9.548957,LINK,,,,
2020-10-01 07:05:33,105.89,USD,259.176324,ZRX,,,,
2020-09-30 10:17:50,0.032430,ZRX,,,,,
2020-09-30 10:17:40,0.001057,LINK,,,,,
2020-09-30 10:17:34,0.000008,XLM,,,,,
2020-09-30 10:17:17,0.000055,ETH,,,,,
2020-09-30 10:17:14,0.000002,BTC,,,,,
2020-09-30 10:16:48,0.01,USD,,,,,
2020-09-30 09:03:21,35.00,USD,,,,,
2020-09-29 19:50:26,259.143893,ZRX,105.04,USD,,,,
2020-09-29 10:24:35,0.001054,LINK,,,,,
2020-09-29 10:24:23,0.000008,XLM,,,,,
2020-09-29 10:23:52,0.000054,ETH,,,,,
2020-09-29 10:23:46,0.000002,BTC,,,,,
2020-09-29 10:23:03,0.02,USD,,,,,
2020-09-29 08:49:45,35.00,USD,,,,,
2020-09-28 10:35:20,0.001073,LINK,,,,,
2020-09-28 10:35:06,0.000008,XLM,,,,,
2020-09-28 10:34:42,0.000055,ETH,,,,,
2020-09-28 10:34:38,0.000002,BTC,,,,,
2020-09-28 10:34:06,0.02,USD,,,,,
2020-09-28 09:06:37,35.00,USD,,,,,
2020-09-27 10:20:20,0.001045,LINK,,,,,
2020-09-27 10:20:12,0.000008,XLM,,,,,
2020-09-27 10:19:53,0.000054,ETH,,,,,
2020-09-27 10:19:50,0.000002,BTC,,,,,
2020-09-27 10:19:27,0.01,USD,,,,,
2020-09-27 09:36:47,35.00,USD,,,,,
2020-09-27 03:01:42,,,53.474668,USDC,,,
2020-09-27 03:01:05,50.000000,USDC,50.00,USD,,,,
2020-09-27 03:00:02,50.00,USD,0.141157,ETH,,,,
2020-09-26 21:14:58,6.726500,LINK,70.02,USD,,,,
2020-09-26 10:42:36,0.000722,USDC,,,,,
2020-09-26 10:42:07,0.000322,LINK,,,,,
2020-09-26 10:41:59,0.000009,XLM,,,,,
2020-09-26 10:41:43,0.000072,ETH,,,,,
2020-09-26 10:41:40,0.000002,BTC,,,,,
2020-09-26 10:41:12,0.02,USD,,,,,
2020-09-26 09:16:02,35.00,USD,,,,,
2020-09-25 10:04:17,0.000696,USDC,,,,,
2020-09-25 10:03:57,0.000310,LINK,,,,,
2020-09-25 10:03:51,0.000008,XLM,,,,,
2020-09-25 10:03:35,0.000070,ETH,,,,,
2020-09-25 10:03:32,0.000002,BTC,,,,,
2020-09-25 10:03:14,0.01,USD,,,,,
2020-09-25 09:11:01,35.00,USD,,,,,
2020-09-24 10:19:17,0.000705,USDC,,,,,
2020-09-24 10:18:54,0.000315,LINK,,,,,
2020-09-24 10:18:47,0.000008,XLM,,,,,
2020-09-24 10:18:32,0.000071,ETH,,,,,
2020-09-24 10:18:29,0.000002,BTC,,,,,
2020-09-24 10:15:35,0.629163,ETH,210.11,USD,,,,
2020-09-24 09:53:24,35.00,USD,,,,,
2020-09-23 10:13:54,0.000695,USDC,,,,,
2020-09-23 10:13:14,0.000310,LINK,,,,,
2020-09-23 10:13:00,0.000008,XLM,,,,,
2020-09-23 10:12:15,0.000002,BTC,,,,,
2020-09-23 10:11:13,0.04,USD,,,,,
2020-09-23 09:11:37,35.00,USD,,,,,
2020-09-22 10:30:05,0.000703,USDC,,,,,
2020-09-22 10:29:44,0.000313,LINK,,,,,
2020-09-22 10:29:36,0.000008,XLM,,,,,
2020-09-22 10:29:15,0.000002,BTC,,,,,
2020-09-22 10:28:50,0.03,USD,,,,,
2020-09-22 09:05:04,35.00,USD,,,,,
2020-09-22 07:40:22,0.013890,BTC,,,,,
2020-09-21 10:29:09,0.000697,USDC,,,,,
2020-09-21 10:28:41,0.000311,LINK,,,,,
2020-09-21 10:28:32,0.000008,XLM,,,,,
2020-09-21 10:27:32,0.02,USD,,,,,
2020-09-21 09:02:11,35.00,USD,,,,,
2020-09-20 10:40:12,0.000720,USDC,,,,,
2020-09-20 10:39:48,0.000321,LINK,,,,,
2020-09-20 10:39:41,0.000009,XLM,,,,,
2020-09-20 10:38:55,0.02,USD,,,,,
2020-09-20 09:02:51,35.00,USD,,,,,
2020-09-19 10:02:51,0.000698,USDC,,,,,
2020-09-19 10:02:23,0.000311,LINK,,,,,
2020-09-19 10:02:16,0.000008,XLM,,,,,
2020-09-19 10:01:21,0.01,USD,,,,,
2020-09-19 09:00:10,35.00,USD,,,,,
2020-09-19 08:57:19,,,0.369041,ETH,,,
2020-09-19 08:56:50,0.272492,ETH,105.04,USD,,,,
2020-09-18 10:12:03,0.000696,USDC,,,,,
2020-09-18 10:11:38,0.000310,LINK,,,,,
2020-09-18 10:11:32,0.000008,XLM,,,,,
2020-09-18 10:11:13,0.000011,ETH,,,,,
2020-09-18 10:10:47,0.02,USD,,,,,
2020-09-18 09:01:10,35.00,USD,,,,,
2020-09-17 10:25:01,0.000711,USDC,,,,,
2020-09-17 10:24:42,0.000317,LINK,,,,,
2020-09-17 10:24:37,0.000008,XLM,,,,,
2020-09-17 10:24:20,0.000011,ETH,,,,,
2020-09-17 10:23:59,0.02,USD,,,,,
2020-09-17 09:07:59,35.00,USD,,,,,
2020-09-16 10:05:24,0.000691,USDC,,,,,
2020-09-16 10:04:59,0.000308,LINK,,,,,
2020-09-16 10:04:53,0.000008,XLM,,,,,
2020-09-16 10:04:37,0.000011,ETH,,,,,
2020-09-16 10:04:12,0.01,USD,,,,,
2020-09-16 09:19:12,35.00,USD,,,,,
2020-09-16 03:20:51,0.096517,ETH,35.01,USD,,,,
2020-09-15 10:27:28,0.000705,USDC,,,,,
2020-09-15 10:26:43,0.000314,LINK,,,,,
2020-09-15 10:26:30,0.000008,XLM,,,,,
2020-09-15 10:24:43,0.01,USD,,,,,
2020-09-15 09:06:09,35.00,USD,,,,,
2020-09-14 15:06:15,2.811754,LINK,35.01,USD,,,,
2020-09-14 10:21:05,0.000710,USDC,,,,,
2020-09-14 10:20:36,0.000008,XLM,,,,,
2020-09-14 10:19:52,0.01,USD,,,,,
2020-09-14 09:05:15,35.00,USD,,,,,
2020-09-14 03:51:38,,,0.377000,ETH,,,
2020-09-14 03:50:06,0.377000,ETH,140.07,USD,,,,
2020-09-13 10:02:44,0.000684,USDC,,,,,
2020-09-13 10:02:15,0.000008,XLM,,,,,
2020-09-13 10:01:29,0.03,USD,,,,,
2020-09-13 09:01:23,35.00,USD,,,,,
2020-09-12 10:37:26,0.000718,USDC,,,,,
2020-09-12 10:36:54,0.000009,XLM,,,,,
2020-09-12 10:36:16,0.02,USD,,,,,
2020-09-12 09:17:07,35.00,USD,,,,,
2020-09-11 10:02:14,0.000698,USDC,,,,,
2020-09-11 10:01:51,0.000008,XLM,,,,,
2020-09-11 10:01:21,0.01,USD,,,,,
2020-09-11 09:02:39,35.00,USD,,,,,
2020-09-10 10:08:40,0.000684,USDC,,,,,
2020-09-10 10:08:11,0.000008,XLM,,,,,
2020-09-10 10:07:31,0.01,USD,,,,,
2020-09-10 09:23:29,35.00,USD,,,,,
2020-09-10 04:07:42,,,5.000453,ETH,,,
2020-09-09 21:39:51,,,102.787012,DAI,,,
2020-09-09 21:37:40,34.445697,DAI,35.52,USD,,,,
2020-09-09 10:43:43,0.010255,DAI,,,,,
2020-09-09 10:43:39,0.000698,USDC,,,,,
2020-09-09 10:43:05,0.000008,XLM,,,,,
2020-09-09 10:42:43,0.000224,ETH,,,,,
2020-09-09 10:42:21,0.01,USD,,,,,
2020-09-09 08:42:54,35.00,USD,,,,,
2020-09-09 08:24:20,,,200.020000,LINK,,,
2020-09-08 19:47:30,,,1690.00,USD,,,
2020-09-08 10:49:12,0.010513,DAI,,,,,
2020-09-08 10:49:06,0.000715,USDC,,,,,
2020-09-08 10:48:41,0.022711,LINK,,,,,
2020-09-08 10:48:32,0.000009,XLM,,,,,
2020-09-08 10:48:03,0.000229,ETH,,,,,
2020-09-08 10:47:34,0.37,USD,,,,,
2020-09-08 09:37:36,35.00,USD,,,,,
2020-09-08 04:16:03,,,3.000000,ETH,,,
2020-09-07 23:10:20,200.000000,LINK,2537.90,USD,,,,
2020-09-07 23:09:25,5.000000,ETH,1784.88,USD,,,,
2020-09-07 20:03:50,2576.72,USD,7.573956,ETH,,,,
2020-09-07 19:56:22,3401.20,USD,10.000000,ETH,,,,
2020-09-07 18:27:53,68.320547,DAI,70.02,USD,,,,
2020-09-07 10:18:26,0.000694,USDC,,,,,
2020-09-07 10:18:09,0.000008,XLM,,,,,
2020-09-07 10:17:58,0.002509,ETH,,,,,
2020-09-07 10:17:43,0.01,USD,,,,,
2020-09-07 09:11:56,35.00,USD,,,,,
2020-09-06 23:19:06,,,3.000000,ETH,,,
2020-09-06 10:31:56,0.000685,USDC,,,,,
2020-09-06 10:31:38,0.000008,XLM,,,,,
2020-09-06 10:31:25,0.002863,ETH,,,,,
2020-09-06 10:31:02,0.01,USD,,,,,
2020-09-06 09:24:16,35.00,USD,,,,,
2020-09-06 05:38:56,,,2.000000,ETH,,,
2020-09-05 16:04:31,0.192624,ETH,70.02,USD,,,,
2020-09-05 11:02:29,0.000725,USDC,,,,,
2020-09-05 11:02:08,0.000009,XLM,,,,,
2020-09-05 11:00:15,0.002895,ETH,,,,,
2020-09-05 10:33:55,0.02,USD,,,,,
2020-09-05 09:27:43,35.00,USD,,,,,
2020-09-04 15:41:39,35.00,USD,,,,,
2020-09-04 10:10:20,0.000692,USDC,,,,,
2020-09-04 10:10:03,0.000008,XLM,,,,,
2020-09-04 10:09:52,0.002814,ETH,,,,,
2020-09-04 00:17:30,2.543952,ETH,1000.00,USD,,,,
2020-09-04 00:16:59,1000.00,USD,,,,,
2020-09-03 10:26:46,0.000706,USDC,,,,,
2020-09-03 10:26:30,0.000008,XLM,,,,,
2020-09-03 10:26:18,0.002584,ETH,,,,,
2020-09-03 09:41:41,1.204813,ETH,535.00,USD,,,,
2020-09-03 09:13:47,35.00,USD,,,,,
2020-09-02 23:39:03,500.00,USD,,,,,
2020-09-02 14:45:43,0.079027,ETH,35.01,USD,,,,
2020-09-02 10:13:44,0.000682,USDC,,,,,
2020-09-02 10:13:23,0.000008,XLM,,,,,
2020-09-02 10:13:06,0.002356,ETH,,,,,
2020-09-02 10:12:43,0.01,USD,,,,,
2020-09-02 09:36:41,35.00,USD,,,,,
2020-09-01 11:16:47,10.796961,ETH,5141.16,USD,,,,
2020-09-01 10:49:56,0.000706,USDC,,,,,
2020-09-01 10:49:19,0.000008,XLM,,,,,
2020-09-01 10:48:56,0.001215,ETH,,,,,
2020-09-01 10:48:19,1.11,USD,,,,,
2020-09-01 10:25:45,10.498057,ETH,5000.00,USD,,,,
2020-09-01 10:13:23,10000.00,USD,,,,,
2020-09-01 09:30:31,35.00,USD,,,,,
2020-08-31 10:37:14,0.000711,USDC,,,,,
2020-08-31 10:36:50,0.000008,XLM,,,,,
2020-08-31 10:36:36,0.000028,ETH,,,,,
2020-08-31 10:36:05,0.02,USD,,,,,
2020-08-31 09:49:42,35.00,USD,,,,,
2020-08-30 10:14:06,0.000695,USDC,,,,,
2020-08-30 10:13:14,0.000008,XLM,,,,,
2020-08-30 10:12:59,0.000023,ETH,,,,,
2020-08-30 10:12:40,0.01,USD,,,,,
2020-08-30 09:11:17,35.00,USD,,,,,
2020-08-29 10:23:15,0.000710,USDC,,,,,
2020-08-29 10:23:00,0.000008,XLM,,,,,
2020-08-29 10:22:50,0.000023,ETH,,,,,
2020-08-29 10:22:37,0.01,USD,,,,,
2020-08-29 05:53:47,35.00,USD,,,,,
2020-08-28 10:01:42,0.000684,USDC,,,,,
2020-08-28 10:01:22,0.000008,XLM,,,,,
2020-08-28 10:01:08,0.000022,ETH,,,,,
2020-08-28 05:23:13,,,0.400000,ETH,,,
2020-08-27 10:32:27,0.000706,USDC,,,,,
2020-08-27 10:32:06,0.000008,XLM,,,,,
2020-08-27 10:31:46,0.000061,ETH,,,,,
2020-08-27 07:05:29,100.00,USD,,,,,
2020-08-27 07:05:16,0.255809,ETH,100.00,USD,,,,
2020-08-27 07:04:36,,,0.500000,ETH,,,
2020-08-27 03:22:42,,,2.000000,ETH,,,
2020-08-26 10:16:47,0.000689,USDC,,,,,
2020-08-26 10:16:26,0.000008,XLM,,,,,
2020-08-26 10:16:08,0.000268,ETH,,,,,
2020-08-26 00:22:00,,,115.000000,USDC,,,
2020-08-25 10:35:43,0.024292,USDC,,,,,
2020-08-25 10:35:26,0.000008,XLM,,,,,
2020-08-25 10:35:06,0.000275,ETH,,,,,
2020-08-25 03:59:42,118.427946,USDC,,,,,
2020-08-24 10:15:54,0.000008,XLM,,,,,
2020-08-24 10:15:44,0.000275,ETH,,,,,
2020-08-24 02:21:45,2.654858,ETH,,,,,
2020-08-23 10:00:43,0.000008,XLM,,,,,
2020-08-23 10:00:29,0.000021,ETH,,,,,
2020-08-23 05:24:15,,,0.200000,ETH,,,
2020-08-23 00:25:05,0.190407,ETH,5.000000,LINK,,,,
2020-08-22 19:51:12,5.000000,LINK,,,,,
2020-08-22 10:09:50,0.000008,XLM,,,,,
2020-08-22 10:09:40,0.000022,ETH,,,,,
2020-08-22 03:37:42,,,17.720000,ATOM,,,
2020-08-22 03:31:20,17.723916,ATOM,100.02,USD,,,,
2020-08-21 10:24:03,0.000008,XLM,,,,,
2020-08-21 10:23:53,0.000022,ETH,,,,,
2020-08-21 10:23:34,0.02,USD,,,,,
2020-08-20 15:50:54,100.00,USD,,,,,
2020-08-20 10:30:30,0.000008,XLM,,,,,
2020-08-20 10:29:50,0.000023,ETH,,,,,
2020-08-19 10:24:58,0.000008,XLM,,,,,
2020-08-19 10:24:49,0.000023,ETH,,,,,
2020-08-19 05:45:08,0.239126,ETH,100.00,USD,,,,
2020-08-19 05:04:59,100.00,USD,,,,,
2020-08-19 03:40:51,,,4964.000000,XLM,,,
2020-08-18 10:26:13,0.382135,XLM,,,,,
2020-08-17 10:15:51,0.377220,XLM,,,,,
2020-08-16 11:37:23,4874.870812,XLM,520.23,USD,,,,
2020-08-16 10:24:06,0.006705,XLM,,,,,
2020-08-16 10:23:40,0.11,USD,,,,,
2020-08-15 10:36:19,0.006821,XLM,,,,,
2020-08-15 10:35:49,0.11,USD,,,,,
2020-08-15 01:48:47,,,400.000000,XLM,,,
2020-08-15 01:33:57,500.00,USD,,,,,
2020-08-14 10:23:50,0.036920,XLM,,,,,
2020-08-14 10:23:25,0.00,USD,,,,,
2020-08-14 05:28:12,20.00,USD,,,,,
2020-08-14 05:26:09,488.428659,XLM,50.01,USD,,,,
2020-08-13 10:39:05,0.01,USD,,,,,
2020-08-13 08:23:59,50.00,USD,,,,,
2020-07-09 07:11:37,,,49.940846,USDC,,,
2020-07-09 07:03:15,49.940846,USDC,50.09,USD,,,,
2020-07-08 10:08:05,0.01,USD,,,,,
2020-07-07 10:17:19,0.01,USD,,,,,
2020-07-06 10:29:36,0.01,USD,,,,,
2020-07-05 10:28:10,0.01,USD,,,,,
2020-07-04 10:03:38,0.01,USD,,,,,
2020-07-03 10:14:54,0.01,USD,,,,,
2020-07-02 10:06:22,0.01,USD,,,,,
2020-07-01 10:04:19,0.01,USD,,,,,
2020-07-01 10:04:19,0.00,USD,,,,,
2020-06-30 14:52:15,50.00,USD,,,,,
